-- MySQL dump 10.13  Distrib 8.0.34, for Linux (x86_64)
--
-- Host: 127.0.0.1    Database: testdb
-- ------------------------------------------------------
-- Server version	8.0.33

/*!40101 SET @OLD_CHARACTER_SET_CLIENT=@@CHARACTER_SET_CLIENT */;
/*!40101 SET @OLD_CHARACTER_SET_RESULTS=@@CHARACTER_SET_RESULTS */;
/*!40101 SET @OLD_COLLATION_CONNECTION=@@COLLATION_CONNECTION */;
/*!50503 SET NAMES utf8mb4 */;
/*!40103 SET @OLD_TIME_ZONE=@@TIME_ZONE */;
/*!40103 SET TIME_ZONE='+08:00' */;
/*!40014 SET @OLD_UNIQUE_CHECKS=@@UNIQUE_CHECKS, UNIQUE_CHECKS=0 */;
/*!40014 SET @OLD_FOREIGN_KEY_CHECKS=@@FOREIGN_KEY_CHECKS, FOREIGN_KEY_CHECKS=0 */;
/*!40101 SET @OLD_SQL_MODE=@@SQL_MODE, SQL_MODE='NO_AUTO_VALUE_ON_ZERO' */;
/*!40111 SET @OLD_SQL_NOTES=@@SQL_NOTES, SQL_NOTES=0 */;

--
-- Table structure for table `api_events`
--

DROP TABLE IF EXISTS `api_events`;
/*!40101 SET @saved_cs_client     = @@character_set_client */;
/*!50503 SET character_set_client = utf8mb4 */;
CREATE TABLE `api_events` (
  `id` bigint NOT NULL AUTO_INCREMENT,
  `create_time` datetime(6) DEFAULT NULL,
  `event` varchar(255) DEFAULT NULL,
  `event_cost` bigint DEFAULT NULL,
  `ip_address` varchar(255) DEFAULT NULL,
  `log_type` int DEFAULT NULL,
  `memo` varchar(255) DEFAULT NULL,
  `request_method` varchar(255) DEFAULT NULL,
  `result` varchar(255) DEFAULT NULL,
  `status` int DEFAULT NULL,
  `user_id` bigint DEFAULT NULL,
  `username` varchar(255) DEFAULT NULL,
  PRIMARY KEY (`id`)
) ENGINE=InnoDB AUTO_INCREMENT=570 DEFAULT CHARSET=utf8mb4 COLLATE=utf8mb4_0900_ai_ci;
/*!40101 SET character_set_client = @saved_cs_client */;

--
-- Dumping data for table `api_events`
--

LOCK TABLES `api_events` WRITE;
/*!40000 ALTER TABLE `api_events` DISABLE KEYS */;
INSERT INTO `api_events` VALUES (298,'2023-10-12 17:17:36.181000','http://localhost:8081/admin/login',713,'127.0.1.1',1,'Mozilla/5.0 (X11; Ubuntu; Linux x86_64; rv:109.0) Gecko/20100101 Firefox/118.0','POST','success',1,1,'kevin'),(299,'2023-10-12 17:17:36.814000','http://localhost:8081/admin/info',151,'127.0.1.1',0,'Mozilla/5.0 (X11; Ubuntu; Linux x86_64; rv:109.0) Gecko/20100101 Firefox/118.0','GET','success',1,1,'kevin'),(300,'2023-10-12 17:17:42.476000','http://localhost:8081/role/listAll',244,'127.0.1.1',0,'Mozilla/5.0 (X11; Ubuntu; Linux x86_64; rv:109.0) Gecko/20100101 Firefox/118.0','GET','success',1,1,'kevin'),(301,'2023-10-12 17:17:42.494000','http://localhost:8081/org/listD',209,'127.0.1.1',0,'Mozilla/5.0 (X11; Ubuntu; Linux x86_64; rv:109.0) Gecko/20100101 Firefox/118.0','GET','success',1,1,'kevin'),(302,'2023-10-12 17:17:42.537000','http://localhost:8081/admin/list',274,'127.0.1.1',0,'Mozilla/5.0 (X11; Ubuntu; Linux x86_64; rv:109.0) Gecko/20100101 Firefox/118.0','GET','success',1,1,'kevin'),(303,'2023-10-12 17:18:00.956000','http://localhost:8081/admin/update/6',146,'127.0.1.1',0,'Mozilla/5.0 (X11; Ubuntu; Linux x86_64; rv:109.0) Gecko/20100101 Firefox/118.0','POST','success',1,6,'test1'),(304,'2023-10-12 17:18:01.261000','http://localhost:8081/admin/list',157,'127.0.1.1',0,'Mozilla/5.0 (X11; Ubuntu; Linux x86_64; rv:109.0) Gecko/20100101 Firefox/118.0','GET','success',1,1,'kevin'),(305,'2023-10-12 17:18:09.129000','http://localhost:8081/admin/update/7',251,'127.0.1.1',0,'Mozilla/5.0 (X11; Ubuntu; Linux x86_64; rv:109.0) Gecko/20100101 Firefox/118.0','POST','success',1,7,'test2'),(306,'2023-10-12 17:18:09.437000','http://localhost:8081/admin/list',161,'127.0.1.1',0,'Mozilla/5.0 (X11; Ubuntu; Linux x86_64; rv:109.0) Gecko/20100101 Firefox/118.0','GET','success',1,1,'kevin'),(307,'2023-10-12 17:18:16.441000','http://localhost:8081/admin/update/8',226,'127.0.1.1',0,'Mozilla/5.0 (X11; Ubuntu; Linux x86_64; rv:109.0) Gecko/20100101 Firefox/118.0','POST','success',1,8,'test3'),(308,'2023-10-12 17:18:16.561000','http://localhost:8081/admin/list',35,'127.0.1.1',0,'Mozilla/5.0 (X11; Ubuntu; Linux x86_64; rv:109.0) Gecko/20100101 Firefox/118.0','GET','success',1,1,'kevin'),(309,'2023-10-12 17:19:50.526000','http://localhost:8081/admin/updateStatus/6',214,'127.0.1.1',0,'Mozilla/5.0 (X11; Ubuntu; Linux x86_64; rv:109.0) Gecko/20100101 Firefox/118.0','POST','success',1,1,'kevin'),(310,'2023-10-12 17:19:52.657000','http://localhost:8081/admin/updateStatus/6',102,'127.0.1.1',0,'Mozilla/5.0 (X11; Ubuntu; Linux x86_64; rv:109.0) Gecko/20100101 Firefox/118.0','POST','success',1,1,'kevin'),(311,'2023-10-13 09:12:05.913000','http://localhost:8081/admin/login',1160,'127.0.1.1',1,'Mozilla/5.0 (X11; Ubuntu; Linux x86_64; rv:109.0) Gecko/20100101 Firefox/118.0','POST','success',1,1,'kevin'),(312,'2023-10-13 09:12:07.568000','http://localhost:8081/admin/info',517,'127.0.1.1',0,'Mozilla/5.0 (X11; Ubuntu; Linux x86_64; rv:109.0) Gecko/20100101 Firefox/118.0','GET','success',1,1,'kevin'),(313,'2023-10-13 09:12:55.420000','http://localhost:8081/admin/info',29,'127.0.1.1',0,'Mozilla/5.0 (X11; Ubuntu; Linux x86_64; rv:109.0) Gecko/20100101 Firefox/118.0','GET','success',1,1,'kevin'),(314,'2023-10-13 09:13:28.383000','http://localhost:8081/role/listAll',131,'127.0.1.1',0,'Mozilla/5.0 (X11; Ubuntu; Linux x86_64; rv:109.0) Gecko/20100101 Firefox/118.0','GET','success',1,1,'kevin'),(315,'2023-10-13 09:13:28.405000','http://localhost:8081/org/listD',223,'127.0.1.1',0,'Mozilla/5.0 (X11; Ubuntu; Linux x86_64; rv:109.0) Gecko/20100101 Firefox/118.0','GET','success',1,1,'kevin'),(316,'2023-10-13 09:13:28.512000','http://localhost:8081/admin/list',269,'127.0.1.1',0,'Mozilla/5.0 (X11; Ubuntu; Linux x86_64; rv:109.0) Gecko/20100101 Firefox/118.0','GET','success',1,1,'kevin'),(317,'2023-10-13 09:14:55.493000','http://localhost:8081/admin/info',165,'127.0.1.1',0,'Mozilla/5.0 (X11; Ubuntu; Linux x86_64; rv:109.0) Gecko/20100101 Firefox/118.0','GET','success',1,1,'kevin'),(318,'2023-10-13 09:14:57.225000','http://localhost:8081/org/listD',221,'127.0.1.1',0,'Mozilla/5.0 (X11; Ubuntu; Linux x86_64; rv:109.0) Gecko/20100101 Firefox/118.0','GET','success',1,1,'kevin'),(319,'2023-10-13 09:14:57.225000','http://localhost:8081/role/listAll',310,'127.0.1.1',0,'Mozilla/5.0 (X11; Ubuntu; Linux x86_64; rv:109.0) Gecko/20100101 Firefox/118.0','GET','success',1,1,'kevin'),(320,'2023-10-13 09:14:57.378000','http://localhost:8081/admin/list',530,'127.0.1.1',0,'Mozilla/5.0 (X11; Ubuntu; Linux x86_64; rv:109.0) Gecko/20100101 Firefox/118.0','GET','success',1,1,'kevin'),(321,'2023-10-13 09:16:11.278000','http://localhost:8081/admin/info',99,'127.0.1.1',0,'Mozilla/5.0 (X11; Ubuntu; Linux x86_64; rv:109.0) Gecko/20100101 Firefox/118.0','GET','success',1,1,'kevin'),(322,'2023-10-13 09:16:13.736000','http://localhost:8081/role/listAll',233,'127.0.1.1',0,'Mozilla/5.0 (X11; Ubuntu; Linux x86_64; rv:109.0) Gecko/20100101 Firefox/118.0','GET','success',1,1,'kevin'),(323,'2023-10-13 09:16:13.739000','http://localhost:8081/org/listD',86,'127.0.1.1',0,'Mozilla/5.0 (X11; Ubuntu; Linux x86_64; rv:109.0) Gecko/20100101 Firefox/118.0','GET','success',1,1,'kevin'),(324,'2023-10-13 09:16:13.855000','http://localhost:8081/admin/list',377,'127.0.1.1',0,'Mozilla/5.0 (X11; Ubuntu; Linux x86_64; rv:109.0) Gecko/20100101 Firefox/118.0','GET','success',1,1,'kevin'),(325,'2023-10-13 09:17:28.139000','http://localhost:8081/admin/info',106,'127.0.1.1',0,'Mozilla/5.0 (X11; Ubuntu; Linux x86_64; rv:109.0) Gecko/20100101 Firefox/118.0','GET','success',1,1,'kevin'),(326,'2023-10-13 09:17:30.441000','http://localhost:8081/role/listAll',302,'127.0.1.1',0,'Mozilla/5.0 (X11; Ubuntu; Linux x86_64; rv:109.0) Gecko/20100101 Firefox/118.0','GET','success',1,1,'kevin'),(327,'2023-10-13 09:17:30.449000','http://localhost:8081/admin/list',295,'127.0.1.1',0,'Mozilla/5.0 (X11; Ubuntu; Linux x86_64; rv:109.0) Gecko/20100101 Firefox/118.0','GET','success',1,1,'kevin'),(328,'2023-10-13 09:17:30.449000','http://localhost:8081/org/listD',273,'127.0.1.1',0,'Mozilla/5.0 (X11; Ubuntu; Linux x86_64; rv:109.0) Gecko/20100101 Firefox/118.0','GET','success',1,1,'kevin'),(329,'2023-10-13 09:23:05.283000','http://localhost:8081/org/listD',20,'127.0.1.1',0,'Mozilla/5.0 (X11; Ubuntu; Linux x86_64; rv:109.0) Gecko/20100101 Firefox/118.0','GET','success',1,1,'kevin'),(330,'2023-10-13 09:23:05.299000','http://localhost:8081/role/listAll',60,'127.0.1.1',0,'Mozilla/5.0 (X11; Ubuntu; Linux x86_64; rv:109.0) Gecko/20100101 Firefox/118.0','GET','success',1,1,'kevin'),(331,'2023-10-13 09:23:05.320000','http://localhost:8081/admin/list',82,'127.0.1.1',0,'Mozilla/5.0 (X11; Ubuntu; Linux x86_64; rv:109.0) Gecko/20100101 Firefox/118.0','GET','success',1,1,'kevin'),(332,'2023-10-13 09:23:09.461000','http://localhost:8081/role/listAll',64,'127.0.1.1',0,'Mozilla/5.0 (X11; Ubuntu; Linux x86_64; rv:109.0) Gecko/20100101 Firefox/118.0','GET','success',1,1,'kevin'),(333,'2023-10-13 09:23:09.647000','http://localhost:8081/org/listD',95,'127.0.1.1',0,'Mozilla/5.0 (X11; Ubuntu; Linux x86_64; rv:109.0) Gecko/20100101 Firefox/118.0','GET','success',1,1,'kevin'),(334,'2023-10-13 09:23:47.060000','http://localhost:8081/admin/info',91,'127.0.1.1',0,'Mozilla/5.0 (X11; Ubuntu; Linux x86_64; rv:109.0) Gecko/20100101 Firefox/118.0','GET','success',1,1,'kevin'),(335,'2023-10-13 09:23:48.544000','http://localhost:8081/role/listAll',217,'127.0.1.1',0,'Mozilla/5.0 (X11; Ubuntu; Linux x86_64; rv:109.0) Gecko/20100101 Firefox/118.0','GET','success',1,1,'kevin'),(336,'2023-10-13 09:23:48.577000','http://localhost:8081/org/listD',240,'127.0.1.1',0,'Mozilla/5.0 (X11; Ubuntu; Linux x86_64; rv:109.0) Gecko/20100101 Firefox/118.0','GET','success',1,1,'kevin'),(337,'2023-10-13 09:23:48.678000','http://localhost:8081/admin/list',355,'127.0.1.1',0,'Mozilla/5.0 (X11; Ubuntu; Linux x86_64; rv:109.0) Gecko/20100101 Firefox/118.0','GET','success',1,1,'kevin'),(338,'2023-10-13 09:24:09.342000','http://localhost:8081/role/listAll',27,'127.0.1.1',0,'Mozilla/5.0 (X11; Ubuntu; Linux x86_64; rv:109.0) Gecko/20100101 Firefox/118.0','GET','success',1,1,'kevin'),(339,'2023-10-13 09:24:09.376000','http://localhost:8081/admin/list',51,'127.0.1.1',0,'Mozilla/5.0 (X11; Ubuntu; Linux x86_64; rv:109.0) Gecko/20100101 Firefox/118.0','GET','success',1,1,'kevin'),(340,'2023-10-13 09:24:09.419000','http://localhost:8081/org/listD',76,'127.0.1.1',0,'Mozilla/5.0 (X11; Ubuntu; Linux x86_64; rv:109.0) Gecko/20100101 Firefox/118.0','GET','success',1,1,'kevin'),(341,'2023-10-13 09:25:01.258000','http://localhost:8081/admin/info',181,'127.0.1.1',0,'Mozilla/5.0 (X11; Ubuntu; Linux x86_64; rv:109.0) Gecko/20100101 Firefox/118.0','GET','success',1,1,'kevin'),(342,'2023-10-13 09:25:02.724000','http://localhost:8081/role/listAll',81,'127.0.1.1',0,'Mozilla/5.0 (X11; Ubuntu; Linux x86_64; rv:109.0) Gecko/20100101 Firefox/118.0','GET','success',1,1,'kevin'),(343,'2023-10-13 09:25:02.775000','http://localhost:8081/admin/list',338,'127.0.1.1',0,'Mozilla/5.0 (X11; Ubuntu; Linux x86_64; rv:109.0) Gecko/20100101 Firefox/118.0','GET','success',1,1,'kevin'),(344,'2023-10-13 09:25:02.778000','http://localhost:8081/org/listD',185,'127.0.1.1',0,'Mozilla/5.0 (X11; Ubuntu; Linux x86_64; rv:109.0) Gecko/20100101 Firefox/118.0','GET','success',1,1,'kevin'),(345,'2023-10-13 09:25:47.898000','http://localhost:8081/admin/info',121,'127.0.1.1',0,'Mozilla/5.0 (X11; Ubuntu; Linux x86_64; rv:109.0) Gecko/20100101 Firefox/118.0','GET','success',1,1,'kevin'),(346,'2023-10-13 09:25:50.333000','http://localhost:8081/role/listAll',103,'127.0.1.1',0,'Mozilla/5.0 (X11; Ubuntu; Linux x86_64; rv:109.0) Gecko/20100101 Firefox/118.0','GET','success',1,1,'kevin'),(347,'2023-10-13 09:25:50.457000','http://localhost:8081/admin/list',196,'127.0.1.1',0,'Mozilla/5.0 (X11; Ubuntu; Linux x86_64; rv:109.0) Gecko/20100101 Firefox/118.0','GET','success',1,1,'kevin'),(348,'2023-10-13 09:25:50.519000','http://localhost:8081/org/listD',176,'127.0.1.1',0,'Mozilla/5.0 (X11; Ubuntu; Linux x86_64; rv:109.0) Gecko/20100101 Firefox/118.0','GET','success',1,1,'kevin'),(349,'2023-10-13 09:33:23.211000','http://localhost:8081/admin/login',975,'127.0.1.1',1,'Mozilla/5.0 (X11; Ubuntu; Linux x86_64; rv:109.0) Gecko/20100101 Firefox/118.0','POST','success',1,1,'kevin'),(350,'2023-10-13 09:33:24.426000','http://localhost:8081/admin/info',164,'127.0.1.1',0,'Mozilla/5.0 (X11; Ubuntu; Linux x86_64; rv:109.0) Gecko/20100101 Firefox/118.0','GET','success',1,1,'kevin'),(351,'2023-10-13 09:33:34.066000','http://localhost:8081/role/listAll',332,'127.0.1.1',0,'Mozilla/5.0 (X11; Ubuntu; Linux x86_64; rv:109.0) Gecko/20100101 Firefox/118.0','GET','success',1,1,'kevin'),(352,'2023-10-13 09:33:34.073000','http://localhost:8081/org/listD',220,'127.0.1.1',0,'Mozilla/5.0 (X11; Ubuntu; Linux x86_64; rv:109.0) Gecko/20100101 Firefox/118.0','GET','success',1,1,'kevin'),(353,'2023-10-13 09:33:34.171000','http://localhost:8081/admin/list',350,'127.0.1.1',0,'Mozilla/5.0 (X11; Ubuntu; Linux x86_64; rv:109.0) Gecko/20100101 Firefox/118.0','GET','success',1,1,'kevin'),(354,'2023-10-13 09:34:09.862000','http://localhost:8081/admin/list',172,'127.0.1.1',0,'Mozilla/5.0 (X11; Ubuntu; Linux x86_64; rv:109.0) Gecko/20100101 Firefox/118.0','GET','success',1,1,'kevin'),(355,'2023-10-13 09:34:12.667000','http://localhost:8081/admin/list',34,'127.0.1.1',0,'Mozilla/5.0 (X11; Ubuntu; Linux x86_64; rv:109.0) Gecko/20100101 Firefox/118.0','GET','success',1,1,'kevin'),(356,'2023-10-13 09:34:17.481000','http://localhost:8081/admin/list',54,'127.0.1.1',0,'Mozilla/5.0 (X11; Ubuntu; Linux x86_64; rv:109.0) Gecko/20100101 Firefox/118.0','GET','success',1,1,'kevin'),(357,'2023-10-13 09:34:21.510000','http://localhost:8081/admin/list',84,'127.0.1.1',0,'Mozilla/5.0 (X11; Ubuntu; Linux x86_64; rv:109.0) Gecko/20100101 Firefox/118.0','GET','success',1,1,'kevin'),(358,'2023-10-13 09:34:56.975000','http://localhost:8081/admin/role/1',30,'127.0.1.1',0,'Mozilla/5.0 (X11; Ubuntu; Linux x86_64; rv:109.0) Gecko/20100101 Firefox/118.0','GET','success',1,1,'kevin'),(359,'2023-10-13 09:35:03.552000','http://localhost:8081/admin/list',63,'127.0.1.1',0,'Mozilla/5.0 (X11; Ubuntu; Linux x86_64; rv:109.0) Gecko/20100101 Firefox/118.0','GET','success',1,1,'kevin'),(360,'2023-10-13 09:35:10.791000','http://localhost:8081/admin/list',173,'127.0.1.1',0,'Mozilla/5.0 (X11; Ubuntu; Linux x86_64; rv:109.0) Gecko/20100101 Firefox/118.0','GET','success',1,1,'kevin'),(361,'2023-10-13 09:44:35.873000','http://localhost:8081/admin/register',385,'127.0.1.1',0,'Mozilla/5.0 (X11; Ubuntu; Linux x86_64; rv:109.0) Gecko/20100101 Firefox/118.0','POST','success',1,1,'kevin'),(362,'2023-10-13 09:44:36.428000','http://localhost:8081/admin/list',358,'127.0.1.1',0,'Mozilla/5.0 (X11; Ubuntu; Linux x86_64; rv:109.0) Gecko/20100101 Firefox/118.0','GET','success',1,1,'kevin'),(363,'2023-10-13 09:44:39.002000','http://localhost:8081/admin/list',258,'127.0.1.1',0,'Mozilla/5.0 (X11; Ubuntu; Linux x86_64; rv:109.0) Gecko/20100101 Firefox/118.0','GET','success',1,1,'kevin'),(364,'2023-10-13 09:45:09.224000','http://localhost:8081/admin/update/13',279,'127.0.1.1',0,'Mozilla/5.0 (X11; Ubuntu; Linux x86_64; rv:109.0) Gecko/20100101 Firefox/118.0','POST','success',1,13,'test11'),(365,'2023-10-13 09:45:09.543000','http://localhost:8081/admin/list',199,'127.0.1.1',0,'Mozilla/5.0 (X11; Ubuntu; Linux x86_64; rv:109.0) Gecko/20100101 Firefox/118.0','GET','success',1,1,'kevin'),(366,'2023-10-13 09:54:03.775000','http://localhost:8081/admin/list',169,'127.0.1.1',0,'Mozilla/5.0 (X11; Ubuntu; Linux x86_64; rv:109.0) Gecko/20100101 Firefox/118.0','GET','success',1,1,'kevin'),(367,'2023-10-13 09:54:15.039000','http://localhost:8081/admin/list',212,'127.0.1.1',0,'Mozilla/5.0 (X11; Ubuntu; Linux x86_64; rv:109.0) Gecko/20100101 Firefox/118.0','GET','success',1,1,'kevin'),(368,'2023-10-13 09:54:24.841000','http://localhost:8081/admin/update/13',385,'127.0.1.1',0,'Mozilla/5.0 (X11; Ubuntu; Linux x86_64; rv:109.0) Gecko/20100101 Firefox/118.0','POST','success',1,13,'test11'),(369,'2023-10-13 09:54:25.365000','http://localhost:8081/admin/list',269,'127.0.1.1',0,'Mozilla/5.0 (X11; Ubuntu; Linux x86_64; rv:109.0) Gecko/20100101 Firefox/118.0','GET','success',1,1,'kevin'),(370,'2023-10-13 09:54:40.917000','http://localhost:8081/admin/update/13',301,'127.0.1.1',0,'Mozilla/5.0 (X11; Ubuntu; Linux x86_64; rv:109.0) Gecko/20100101 Firefox/118.0','POST','success',1,13,'test11'),(371,'2023-10-13 09:54:41.279000','http://localhost:8081/admin/list',195,'127.0.1.1',0,'Mozilla/5.0 (X11; Ubuntu; Linux x86_64; rv:109.0) Gecko/20100101 Firefox/118.0','GET','success',1,1,'kevin'),(372,'2023-10-13 09:56:52.651000','http://localhost:8081/admin/login',562,'127.0.1.1',1,'Mozilla/5.0 (X11; Ubuntu; Linux x86_64; rv:109.0) Gecko/20100101 Firefox/118.0','POST','success',1,1,'kevin'),(373,'2023-10-13 09:57:03.532000','http://localhost:8081/admin/login',575,'127.0.1.1',1,'Mozilla/5.0 (X11; Ubuntu; Linux x86_64; rv:109.0) Gecko/20100101 Firefox/118.0','POST','success',1,1,'kevin'),(374,'2023-10-13 09:57:08.515000','http://localhost:8081/admin/login',223,'127.0.1.1',1,'Mozilla/5.0 (X11; Ubuntu; Linux x86_64; rv:109.0) Gecko/20100101 Firefox/118.0','POST','success',1,1,'kevin'),(375,'2023-10-13 09:58:13.889000','http://localhost:8081/admin/login',267,'127.0.1.1',1,'Mozilla/5.0 (X11; Ubuntu; Linux x86_64; rv:109.0) Gecko/20100101 Firefox/118.0','POST','success',1,1,'kevin'),(376,'2023-10-13 09:59:44.806000','http://localhost:8081/admin/login',351,'127.0.1.1',1,'Mozilla/5.0 (X11; Ubuntu; Linux x86_64; rv:109.0) Gecko/20100101 Firefox/118.0','POST','success',1,1,'kevin'),(377,'2023-10-13 10:00:40.345000','http://localhost:8081/admin/login',521,'127.0.1.1',1,'Mozilla/5.0 (X11; Ubuntu; Linux x86_64; rv:109.0) Gecko/20100101 Firefox/118.0','POST','success',1,1,'kevin'),(378,'2023-10-13 10:00:47.312000','http://localhost:8081/admin/login',293,'127.0.1.1',1,'Mozilla/5.0 (X11; Ubuntu; Linux x86_64; rv:109.0) Gecko/20100101 Firefox/118.0','POST','success',1,1,'kevin'),(379,'2023-10-13 10:02:24.555000','http://localhost:8081/admin/login',437,'127.0.1.1',1,'Mozilla/5.0 (X11; Ubuntu; Linux x86_64; rv:109.0) Gecko/20100101 Firefox/118.0','POST','success',1,1,'kevin'),(380,'2023-10-13 10:02:27.197000','http://localhost:8081/admin/login',295,'127.0.1.1',1,'Mozilla/5.0 (X11; Ubuntu; Linux x86_64; rv:109.0) Gecko/20100101 Firefox/118.0','POST','success',1,1,'kevin'),(381,'2023-10-13 10:03:04.008000','http://localhost:8081/admin/login',562,'127.0.1.1',1,'Mozilla/5.0 (X11; Ubuntu; Linux x86_64; rv:109.0) Gecko/20100101 Firefox/118.0','POST','success',1,1,'kevin'),(382,'2023-10-13 10:06:49.246000','http://localhost:8081/admin/login',630,'127.0.1.1',1,'Mozilla/5.0 (X11; Ubuntu; Linux x86_64; rv:109.0) Gecko/20100101 Firefox/118.0','POST','success',1,1,'kevin'),(383,'2023-10-13 10:26:09.289000','http://localhost:8081/admin/login',700,'127.0.1.1',1,'Mozilla/5.0 (X11; Ubuntu; Linux x86_64; rv:109.0) Gecko/20100101 Firefox/118.0','POST','success',1,1,'kevin'),(384,'2023-10-13 10:26:10.209000','http://localhost:8081/admin/info',130,'127.0.1.1',0,'Mozilla/5.0 (X11; Ubuntu; Linux x86_64; rv:109.0) Gecko/20100101 Firefox/118.0','GET','success',1,1,'kevin'),(385,'2023-10-13 10:26:16.282000','http://localhost:8081/role/listAll',123,'127.0.1.1',0,'Mozilla/5.0 (X11; Ubuntu; Linux x86_64; rv:109.0) Gecko/20100101 Firefox/118.0','GET','success',1,1,'kevin'),(386,'2023-10-13 10:26:16.307000','http://localhost:8081/org/listD',181,'127.0.1.1',0,'Mozilla/5.0 (X11; Ubuntu; Linux x86_64; rv:109.0) Gecko/20100101 Firefox/118.0','GET','success',1,1,'kevin'),(387,'2023-10-13 10:26:16.342000','http://localhost:8081/admin/list',338,'127.0.1.1',0,'Mozilla/5.0 (X11; Ubuntu; Linux x86_64; rv:109.0) Gecko/20100101 Firefox/118.0','GET','success',1,1,'kevin'),(388,'2023-10-13 10:26:47.702000','http://localhost:8081/admin/info',45,'127.0.1.1',0,'Mozilla/5.0 (X11; Ubuntu; Linux x86_64; rv:109.0) Gecko/20100101 Firefox/118.0','GET','success',1,1,'kevin'),(389,'2023-10-13 10:26:51.079000','http://localhost:8081/admin/list',221,'127.0.1.1',0,'Mozilla/5.0 (X11; Ubuntu; Linux x86_64; rv:109.0) Gecko/20100101 Firefox/118.0','GET','success',1,1,'kevin'),(390,'2023-10-13 10:26:51.091000','http://localhost:8081/role/listAll',95,'127.0.1.1',0,'Mozilla/5.0 (X11; Ubuntu; Linux x86_64; rv:109.0) Gecko/20100101 Firefox/118.0','GET','success',1,1,'kevin'),(391,'2023-10-13 10:26:51.239000','http://localhost:8081/org/listD',243,'127.0.1.1',0,'Mozilla/5.0 (X11; Ubuntu; Linux x86_64; rv:109.0) Gecko/20100101 Firefox/118.0','GET','success',1,1,'kevin'),(392,'2023-10-13 10:31:01.326000','http://localhost:8081/admin/info',129,'127.0.1.1',0,'Mozilla/5.0 (X11; Ubuntu; Linux x86_64; rv:109.0) Gecko/20100101 Firefox/118.0','GET','success',1,1,'kevin'),(393,'2023-10-13 10:31:02.861000','http://localhost:8081/role/listAll',240,'127.0.1.1',0,'Mozilla/5.0 (X11; Ubuntu; Linux x86_64; rv:109.0) Gecko/20100101 Firefox/118.0','GET','success',1,1,'kevin'),(394,'2023-10-13 10:31:02.871000','http://localhost:8081/org/listD',277,'127.0.1.1',0,'Mozilla/5.0 (X11; Ubuntu; Linux x86_64; rv:109.0) Gecko/20100101 Firefox/118.0','GET','success',1,1,'kevin'),(395,'2023-10-13 10:31:02.944000','http://localhost:8081/admin/list',416,'127.0.1.1',0,'Mozilla/5.0 (X11; Ubuntu; Linux x86_64; rv:109.0) Gecko/20100101 Firefox/118.0','GET','success',1,1,'kevin'),(396,'2023-10-13 10:31:21.030000','http://localhost:8081/admin/info',126,'127.0.1.1',0,'Mozilla/5.0 (X11; Ubuntu; Linux x86_64; rv:109.0) Gecko/20100101 Firefox/118.0','GET','success',1,1,'kevin'),(397,'2023-10-13 10:31:23.700000','http://localhost:8081/org/listD',139,'127.0.1.1',0,'Mozilla/5.0 (X11; Ubuntu; Linux x86_64; rv:109.0) Gecko/20100101 Firefox/118.0','GET','success',1,1,'kevin'),(398,'2023-10-13 10:31:23.757000','http://localhost:8081/admin/list',214,'127.0.1.1',0,'Mozilla/5.0 (X11; Ubuntu; Linux x86_64; rv:109.0) Gecko/20100101 Firefox/118.0','GET','success',1,1,'kevin'),(399,'2023-10-13 10:31:23.767000','http://localhost:8081/role/listAll',107,'127.0.1.1',0,'Mozilla/5.0 (X11; Ubuntu; Linux x86_64; rv:109.0) Gecko/20100101 Firefox/118.0','GET','success',1,1,'kevin'),(400,'2023-10-13 10:32:20.411000','http://localhost:8081/admin/list',191,'127.0.1.1',0,'Mozilla/5.0 (X11; Ubuntu; Linux x86_64; rv:109.0) Gecko/20100101 Firefox/118.0','GET','success',1,1,'kevin'),(401,'2023-10-13 10:36:46.254000','http://localhost:8081/admin/info',21,'127.0.1.1',0,'Mozilla/5.0 (X11; Ubuntu; Linux x86_64; rv:109.0) Gecko/20100101 Firefox/118.0','GET','success',1,1,'kevin'),(402,'2023-10-13 10:36:47.757000','http://localhost:8081/role/listAll',353,'127.0.1.1',0,'Mozilla/5.0 (X11; Ubuntu; Linux x86_64; rv:109.0) Gecko/20100101 Firefox/118.0','GET','success',1,1,'kevin'),(403,'2023-10-13 10:36:47.835000','http://localhost:8081/admin/list',246,'127.0.1.1',0,'Mozilla/5.0 (X11; Ubuntu; Linux x86_64; rv:109.0) Gecko/20100101 Firefox/118.0','GET','success',1,1,'kevin'),(404,'2023-10-13 10:36:47.837000','http://localhost:8081/org/listD',364,'127.0.1.1',0,'Mozilla/5.0 (X11; Ubuntu; Linux x86_64; rv:109.0) Gecko/20100101 Firefox/118.0','GET','success',1,1,'kevin'),(405,'2023-10-13 10:36:58.368000','http://localhost:8081/admin/update/1',491,'127.0.1.1',0,'Mozilla/5.0 (X11; Ubuntu; Linux x86_64; rv:109.0) Gecko/20100101 Firefox/118.0','POST','success',1,1,'kevin'),(406,'2023-10-13 10:36:58.721000','http://localhost:8081/admin/list',128,'127.0.1.1',0,'Mozilla/5.0 (X11; Ubuntu; Linux x86_64; rv:109.0) Gecko/20100101 Firefox/118.0','GET','success',1,1,'kevin'),(407,'2023-10-13 10:37:02.964000','http://localhost:8081/admin/list',227,'127.0.1.1',0,'Mozilla/5.0 (X11; Ubuntu; Linux x86_64; rv:109.0) Gecko/20100101 Firefox/118.0','GET','success',1,1,'kevin'),(408,'2023-10-13 10:37:22.546000','http://localhost:8081/admin/update/13',297,'127.0.1.1',0,'Mozilla/5.0 (X11; Ubuntu; Linux x86_64; rv:109.0) Gecko/20100101 Firefox/118.0','POST','success',1,13,'test11'),(409,'2023-10-13 10:37:23.093000','http://localhost:8081/admin/list',257,'127.0.1.1',0,'Mozilla/5.0 (X11; Ubuntu; Linux x86_64; rv:109.0) Gecko/20100101 Firefox/118.0','GET','success',1,1,'kevin'),(410,'2023-10-13 10:38:12.057000','http://localhost:8081/admin/list',79,'127.0.1.1',0,'Mozilla/5.0 (X11; Ubuntu; Linux x86_64; rv:109.0) Gecko/20100101 Firefox/118.0','GET','success',1,1,'kevin'),(411,'2023-10-13 10:38:38.497000','http://localhost:8081/admin/update/7',372,'127.0.1.1',0,'Mozilla/5.0 (X11; Ubuntu; Linux x86_64; rv:109.0) Gecko/20100101 Firefox/118.0','POST','success',1,7,'test2'),(412,'2023-10-13 10:38:38.902000','http://localhost:8081/admin/list',244,'127.0.1.1',0,'Mozilla/5.0 (X11; Ubuntu; Linux x86_64; rv:109.0) Gecko/20100101 Firefox/118.0','GET','success',1,1,'kevin'),(413,'2023-10-13 10:40:46.503000','http://localhost:8081/admin/update/7',136,'127.0.1.1',0,'Mozilla/5.0 (X11; Ubuntu; Linux x86_64; rv:109.0) Gecko/20100101 Firefox/118.0','POST','success',1,7,'test2'),(414,'2023-10-13 10:40:47.183000','http://localhost:8081/admin/list',277,'127.0.1.1',0,'Mozilla/5.0 (X11; Ubuntu; Linux x86_64; rv:109.0) Gecko/20100101 Firefox/118.0','GET','success',1,1,'kevin'),(415,'2023-10-13 10:40:51.183000','http://localhost:8081/admin/list',164,'127.0.1.1',0,'Mozilla/5.0 (X11; Ubuntu; Linux x86_64; rv:109.0) Gecko/20100101 Firefox/118.0','GET','success',1,1,'kevin'),(416,'2023-10-13 10:40:57.047000','http://localhost:8081/admin/update/13',389,'127.0.1.1',0,'Mozilla/5.0 (X11; Ubuntu; Linux x86_64; rv:109.0) Gecko/20100101 Firefox/118.0','POST','success',1,13,'test11'),(417,'2023-10-13 10:40:57.479000','http://localhost:8081/admin/list',244,'127.0.1.1',0,'Mozilla/5.0 (X11; Ubuntu; Linux x86_64; rv:109.0) Gecko/20100101 Firefox/118.0','GET','success',1,1,'kevin'),(418,'2023-10-13 10:45:37.084000','http://localhost:8081/admin/info',233,'127.0.1.1',0,'Mozilla/5.0 (X11; Ubuntu; Linux x86_64; rv:109.0) Gecko/20100101 Firefox/118.0','GET','success',1,1,'kevin'),(419,'2023-10-13 10:45:38.116000','http://localhost:8081/role/listAll',238,'127.0.1.1',0,'Mozilla/5.0 (X11; Ubuntu; Linux x86_64; rv:109.0) Gecko/20100101 Firefox/118.0','GET','success',1,1,'kevin'),(420,'2023-10-13 10:45:38.172000','http://localhost:8081/org/listD',230,'127.0.1.1',0,'Mozilla/5.0 (X11; Ubuntu; Linux x86_64; rv:109.0) Gecko/20100101 Firefox/118.0','GET','success',1,1,'kevin'),(421,'2023-10-13 10:45:38.163000','http://localhost:8081/admin/list',221,'127.0.1.1',0,'Mozilla/5.0 (X11; Ubuntu; Linux x86_64; rv:109.0) Gecko/20100101 Firefox/118.0','GET','success',1,1,'kevin'),(422,'2023-10-13 10:46:32.576000','http://localhost:8081/admin/info',33,'127.0.1.1',0,'Mozilla/5.0 (X11; Ubuntu; Linux x86_64; rv:109.0) Gecko/20100101 Firefox/118.0','GET','success',1,1,'kevin'),(423,'2023-10-13 10:46:36.686000','http://localhost:8081/role/listAll',104,'127.0.1.1',0,'Mozilla/5.0 (X11; Ubuntu; Linux x86_64; rv:109.0) Gecko/20100101 Firefox/118.0','GET','success',1,1,'kevin'),(424,'2023-10-13 10:46:36.741000','http://localhost:8081/admin/list',233,'127.0.1.1',0,'Mozilla/5.0 (X11; Ubuntu; Linux x86_64; rv:109.0) Gecko/20100101 Firefox/118.0','GET','success',1,1,'kevin'),(425,'2023-10-13 10:46:37.181000','http://localhost:8081/org/listD',32,'127.0.1.1',0,'Mozilla/5.0 (X11; Ubuntu; Linux x86_64; rv:109.0) Gecko/20100101 Firefox/118.0','GET','success',1,1,'kevin'),(426,'2023-10-13 10:48:29.083000','http://localhost:8081/admin/info',168,'127.0.1.1',0,'Mozilla/5.0 (X11; Ubuntu; Linux x86_64; rv:109.0) Gecko/20100101 Firefox/118.0','GET','success',1,1,'kevin'),(427,'2023-10-13 10:48:35.578000','http://localhost:8081/role/listAll',94,'127.0.1.1',0,'Mozilla/5.0 (X11; Ubuntu; Linux x86_64; rv:109.0) Gecko/20100101 Firefox/118.0','GET','success',1,1,'kevin'),(428,'2023-10-13 10:48:35.590000','http://localhost:8081/org/listD',103,'127.0.1.1',0,'Mozilla/5.0 (X11; Ubuntu; Linux x86_64; rv:109.0) Gecko/20100101 Firefox/118.0','GET','success',1,1,'kevin'),(429,'2023-10-13 10:48:35.758000','http://localhost:8081/admin/list',253,'127.0.1.1',0,'Mozilla/5.0 (X11; Ubuntu; Linux x86_64; rv:109.0) Gecko/20100101 Firefox/118.0','GET','success',1,1,'kevin'),(430,'2023-10-13 10:50:35.547000','http://localhost:8081/admin/update/8',267,'127.0.1.1',0,'Mozilla/5.0 (X11; Ubuntu; Linux x86_64; rv:109.0) Gecko/20100101 Firefox/118.0','POST','success',1,8,'test3'),(431,'2023-10-13 10:50:35.777000','http://localhost:8081/admin/list',94,'127.0.1.1',0,'Mozilla/5.0 (X11; Ubuntu; Linux x86_64; rv:109.0) Gecko/20100101 Firefox/118.0','GET','success',1,1,'kevin'),(432,'2023-10-13 10:50:44.945000','http://localhost:8081/admin/update/8',232,'127.0.1.1',0,'Mozilla/5.0 (X11; Ubuntu; Linux x86_64; rv:109.0) Gecko/20100101 Firefox/118.0','POST','success',1,8,'test3'),(433,'2023-10-13 10:50:45.327000','http://localhost:8081/admin/list',233,'127.0.1.1',0,'Mozilla/5.0 (X11; Ubuntu; Linux x86_64; rv:109.0) Gecko/20100101 Firefox/118.0','GET','success',1,1,'kevin'),(434,'2023-10-13 10:50:54.784000','http://localhost:8081/admin/update/6',230,'127.0.1.1',0,'Mozilla/5.0 (X11; Ubuntu; Linux x86_64; rv:109.0) Gecko/20100101 Firefox/118.0','POST','success',1,6,'test1'),(435,'2023-10-13 10:50:55.238000','http://localhost:8081/admin/list',222,'127.0.1.1',0,'Mozilla/5.0 (X11; Ubuntu; Linux x86_64; rv:109.0) Gecko/20100101 Firefox/118.0','GET','success',1,1,'kevin'),(436,'2023-10-13 10:51:00.921000','http://localhost:8081/admin/update/3',351,'127.0.1.1',0,'Mozilla/5.0 (X11; Ubuntu; Linux x86_64; rv:109.0) Gecko/20100101 Firefox/118.0','POST','success',1,3,'admin'),(437,'2023-10-13 10:51:01.319000','http://localhost:8081/admin/list',248,'127.0.1.1',0,'Mozilla/5.0 (X11; Ubuntu; Linux x86_64; rv:109.0) Gecko/20100101 Firefox/118.0','GET','success',1,1,'kevin'),(438,'2023-10-13 10:51:03.665000','http://localhost:8081/admin/list',144,'127.0.1.1',0,'Mozilla/5.0 (X11; Ubuntu; Linux x86_64; rv:109.0) Gecko/20100101 Firefox/118.0','GET','success',1,1,'kevin'),(439,'2023-10-13 10:51:11.999000','http://localhost:8081/admin/update/9',305,'127.0.1.1',0,'Mozilla/5.0 (X11; Ubuntu; Linux x86_64; rv:109.0) Gecko/20100101 Firefox/118.0','POST','success',1,9,'test5'),(440,'2023-10-13 10:51:12.303000','http://localhost:8081/admin/list',158,'127.0.1.1',0,'Mozilla/5.0 (X11; Ubuntu; Linux x86_64; rv:109.0) Gecko/20100101 Firefox/118.0','GET','success',1,1,'kevin'),(441,'2023-10-13 10:51:18.465000','http://localhost:8081/admin/update/10',184,'127.0.1.1',0,'Mozilla/5.0 (X11; Ubuntu; Linux x86_64; rv:109.0) Gecko/20100101 Firefox/118.0','POST','success',1,10,'test4'),(442,'2023-10-13 10:51:18.927000','http://localhost:8081/admin/list',58,'127.0.1.1',0,'Mozilla/5.0 (X11; Ubuntu; Linux x86_64; rv:109.0) Gecko/20100101 Firefox/118.0','GET','success',1,1,'kevin'),(443,'2023-10-13 10:51:27.927000','http://localhost:8081/admin/update/11',305,'127.0.1.1',0,'Mozilla/5.0 (X11; Ubuntu; Linux x86_64; rv:109.0) Gecko/20100101 Firefox/118.0','POST','success',1,11,'test6'),(444,'2023-10-13 10:51:28.678000','http://localhost:8081/admin/list',208,'127.0.1.1',0,'Mozilla/5.0 (X11; Ubuntu; Linux x86_64; rv:109.0) Gecko/20100101 Firefox/118.0','GET','success',1,1,'kevin'),(445,'2023-10-13 10:51:35.915000','http://localhost:8081/admin/update/12',237,'127.0.1.1',0,'Mozilla/5.0 (X11; Ubuntu; Linux x86_64; rv:109.0) Gecko/20100101 Firefox/118.0','POST','success',1,12,'test7'),(446,'2023-10-13 10:51:36.197000','http://localhost:8081/admin/list',121,'127.0.1.1',0,'Mozilla/5.0 (X11; Ubuntu; Linux x86_64; rv:109.0) Gecko/20100101 Firefox/118.0','GET','success',1,1,'kevin'),(447,'2023-10-13 10:53:31.729000','http://localhost:8081/admin/role/9',17,'127.0.1.1',0,'Mozilla/5.0 (X11; Ubuntu; Linux x86_64; rv:109.0) Gecko/20100101 Firefox/118.0','GET','success',1,1,'kevin'),(448,'2023-10-13 10:53:41.242000','http://localhost:8081/admin/role/update',179,'127.0.1.1',0,'Mozilla/5.0 (X11; Ubuntu; Linux x86_64; rv:109.0) Gecko/20100101 Firefox/118.0','POST','success',1,1,'kevin'),(449,'2023-10-13 11:05:36.268000','http://localhost:8081/admin/list',205,'127.0.1.1',0,'Mozilla/5.0 (X11; Ubuntu; Linux x86_64; rv:109.0) Gecko/20100101 Firefox/118.0','GET','success',1,1,'kevin'),(450,'2023-10-13 11:05:41.596000','http://localhost:8081/admin/update/1',510,'127.0.1.1',0,'Mozilla/5.0 (X11; Ubuntu; Linux x86_64; rv:109.0) Gecko/20100101 Firefox/118.0','POST','success',1,1,'kevin'),(451,'2023-10-13 11:05:42.204000','http://localhost:8081/admin/list',205,'127.0.1.1',0,'Mozilla/5.0 (X11; Ubuntu; Linux x86_64; rv:109.0) Gecko/20100101 Firefox/118.0','GET','success',1,1,'kevin'),(452,'2023-10-13 11:06:55.867000','http://localhost:8081/admin/update/1',154,'127.0.1.1',0,'Mozilla/5.0 (X11; Ubuntu; Linux x86_64; rv:109.0) Gecko/20100101 Firefox/118.0','POST','success',1,1,'kevin'),(453,'2023-10-13 11:06:56.638000','http://localhost:8081/admin/list',371,'127.0.1.1',0,'Mozilla/5.0 (X11; Ubuntu; Linux x86_64; rv:109.0) Gecko/20100101 Firefox/118.0','GET','success',1,1,'kevin'),(454,'2023-10-13 11:08:39.071000','http://localhost:8081/admin/info',65,'127.0.1.1',0,'Mozilla/5.0 (X11; Ubuntu; Linux x86_64; rv:109.0) Gecko/20100101 Firefox/118.0','GET','success',1,1,'kevin'),(455,'2023-10-13 11:08:40.543000','http://localhost:8081/role/listAll',159,'127.0.1.1',0,'Mozilla/5.0 (X11; Ubuntu; Linux x86_64; rv:109.0) Gecko/20100101 Firefox/118.0','GET','success',1,1,'kevin'),(456,'2023-10-13 11:08:40.555000','http://localhost:8081/org/listD',187,'127.0.1.1',0,'Mozilla/5.0 (X11; Ubuntu; Linux x86_64; rv:109.0) Gecko/20100101 Firefox/118.0','GET','success',1,1,'kevin'),(457,'2023-10-13 11:08:40.599000','http://localhost:8081/admin/list',214,'127.0.1.1',0,'Mozilla/5.0 (X11; Ubuntu; Linux x86_64; rv:109.0) Gecko/20100101 Firefox/118.0','GET','success',1,1,'kevin'),(458,'2023-10-13 11:08:49.022000','http://localhost:8081/admin/update/1',373,'127.0.1.1',0,'Mozilla/5.0 (X11; Ubuntu; Linux x86_64; rv:109.0) Gecko/20100101 Firefox/118.0','POST','success',1,1,'kevin'),(459,'2023-10-13 11:08:49.396000','http://localhost:8081/admin/list',90,'127.0.1.1',0,'Mozilla/5.0 (X11; Ubuntu; Linux x86_64; rv:109.0) Gecko/20100101 Firefox/118.0','GET','success',1,1,'kevin'),(460,'2023-10-13 11:10:55.825000','http://localhost:8081/admin/update/1',266,'127.0.1.1',0,'Mozilla/5.0 (X11; Ubuntu; Linux x86_64; rv:109.0) Gecko/20100101 Firefox/118.0','POST','success',1,1,'kevin'),(461,'2023-10-13 11:10:56.694000','http://localhost:8081/admin/list',438,'127.0.1.1',0,'Mozilla/5.0 (X11; Ubuntu; Linux x86_64; rv:109.0) Gecko/20100101 Firefox/118.0','GET','success',1,1,'kevin'),(462,'2023-10-13 11:16:30.064000','http://localhost:8081/admin/update/1',152,'127.0.1.1',0,'Mozilla/5.0 (X11; Ubuntu; Linux x86_64; rv:109.0) Gecko/20100101 Firefox/118.0','POST','success',1,1,'kevin'),(463,'2023-10-13 11:16:30.958000','http://localhost:8081/admin/list',316,'127.0.1.1',0,'Mozilla/5.0 (X11; Ubuntu; Linux x86_64; rv:109.0) Gecko/20100101 Firefox/118.0','GET','success',1,1,'kevin'),(464,'2023-10-13 11:17:51.135000','http://localhost:8081/admin/update/1',187,'127.0.1.1',0,'Mozilla/5.0 (X11; Ubuntu; Linux x86_64; rv:109.0) Gecko/20100101 Firefox/118.0','POST','success',1,1,'kevin'),(465,'2023-10-13 11:17:51.483000','http://localhost:8081/admin/list',59,'127.0.1.1',0,'Mozilla/5.0 (X11; Ubuntu; Linux x86_64; rv:109.0) Gecko/20100101 Firefox/118.0','GET','success',1,1,'kevin'),(466,'2023-10-13 11:18:27.257000','http://localhost:8081/admin/update/1',408,'127.0.1.1',0,'Mozilla/5.0 (X11; Ubuntu; Linux x86_64; rv:109.0) Gecko/20100101 Firefox/118.0','POST','success',1,1,'kevin'),(467,'2023-10-13 11:18:27.976000','http://localhost:8081/admin/list',277,'127.0.1.1',0,'Mozilla/5.0 (X11; Ubuntu; Linux x86_64; rv:109.0) Gecko/20100101 Firefox/118.0','GET','success',1,1,'kevin'),(468,'2023-10-13 11:20:08.099000','http://localhost:8081/admin/update/1',426,'127.0.1.1',0,'Mozilla/5.0 (X11; Ubuntu; Linux x86_64; rv:109.0) Gecko/20100101 Firefox/118.0','POST','success',1,1,'kevin'),(469,'2023-10-13 11:20:43.785000','http://localhost:8081/admin/info',86,'127.0.1.1',0,'Mozilla/5.0 (X11; Ubuntu; Linux x86_64; rv:109.0) Gecko/20100101 Firefox/118.0','GET','success',1,1,'kevin'),(470,'2023-10-13 11:20:45.543000','http://localhost:8081/role/listAll',175,'127.0.1.1',0,'Mozilla/5.0 (X11; Ubuntu; Linux x86_64; rv:109.0) Gecko/20100101 Firefox/118.0','GET','success',1,1,'kevin'),(471,'2023-10-13 11:20:45.544000','http://localhost:8081/org/listD',160,'127.0.1.1',0,'Mozilla/5.0 (X11; Ubuntu; Linux x86_64; rv:109.0) Gecko/20100101 Firefox/118.0','GET','success',1,1,'kevin'),(472,'2023-10-13 11:21:26.509000','http://localhost:8081/admin/info',110,'127.0.1.1',0,'Mozilla/5.0 (X11; Ubuntu; Linux x86_64; rv:109.0) Gecko/20100101 Firefox/118.0','GET','success',1,1,'kevin'),(473,'2023-10-13 11:21:28.438000','http://localhost:8081/role/listAll',331,'127.0.1.1',0,'Mozilla/5.0 (X11; Ubuntu; Linux x86_64; rv:109.0) Gecko/20100101 Firefox/118.0','GET','success',1,1,'kevin'),(474,'2023-10-13 11:21:28.471000','http://localhost:8081/admin/list',214,'127.0.1.1',0,'Mozilla/5.0 (X11; Ubuntu; Linux x86_64; rv:109.0) Gecko/20100101 Firefox/118.0','GET','success',1,1,'kevin'),(475,'2023-10-13 11:23:30.817000','http://localhost:8081/admin/info',68,'127.0.1.1',0,'Mozilla/5.0 (X11; Ubuntu; Linux x86_64; rv:109.0) Gecko/20100101 Firefox/118.0','GET','success',1,1,'kevin'),(476,'2023-10-13 11:23:32.293000','http://localhost:8081/role/listAll',258,'127.0.1.1',0,'Mozilla/5.0 (X11; Ubuntu; Linux x86_64; rv:109.0) Gecko/20100101 Firefox/118.0','GET','success',1,1,'kevin'),(477,'2023-10-13 11:23:32.331000','http://localhost:8081/org/listD',233,'127.0.1.1',0,'Mozilla/5.0 (X11; Ubuntu; Linux x86_64; rv:109.0) Gecko/20100101 Firefox/118.0','GET','success',1,1,'kevin'),(478,'2023-10-13 11:23:32.373000','http://localhost:8081/admin/list',294,'127.0.1.1',0,'Mozilla/5.0 (X11; Ubuntu; Linux x86_64; rv:109.0) Gecko/20100101 Firefox/118.0','GET','success',1,1,'kevin'),(479,'2023-10-13 11:23:38.115000','http://localhost:8081/admin/update/1',503,'127.0.1.1',0,'Mozilla/5.0 (X11; Ubuntu; Linux x86_64; rv:109.0) Gecko/20100101 Firefox/118.0','POST','success',1,1,'kevin'),(480,'2023-10-13 11:23:38.585000','http://localhost:8081/admin/list',256,'127.0.1.1',0,'Mozilla/5.0 (X11; Ubuntu; Linux x86_64; rv:109.0) Gecko/20100101 Firefox/118.0','GET','success',1,1,'kevin'),(481,'2023-10-13 11:27:45.991000','http://localhost:8081/admin/update/3',142,'127.0.1.1',0,'Mozilla/5.0 (X11; Ubuntu; Linux x86_64; rv:109.0) Gecko/20100101 Firefox/118.0','POST','success',1,3,'admin'),(482,'2023-10-13 11:27:46.272000','http://localhost:8081/admin/list',174,'127.0.1.1',0,'Mozilla/5.0 (X11; Ubuntu; Linux x86_64; rv:109.0) Gecko/20100101 Firefox/118.0','GET','success',1,1,'kevin'),(483,'2023-10-13 11:32:46.768000','http://localhost:8081/admin/info',135,'127.0.1.1',0,'Mozilla/5.0 (X11; Ubuntu; Linux x86_64; rv:109.0) Gecko/20100101 Firefox/118.0','GET','success',1,1,'kevin'),(484,'2023-10-13 11:32:48.508000','http://localhost:8081/role/listAll',295,'127.0.1.1',0,'Mozilla/5.0 (X11; Ubuntu; Linux x86_64; rv:109.0) Gecko/20100101 Firefox/118.0','GET','success',1,1,'kevin'),(485,'2023-10-13 11:32:48.577000','http://localhost:8081/admin/list',367,'127.0.1.1',0,'Mozilla/5.0 (X11; Ubuntu; Linux x86_64; rv:109.0) Gecko/20100101 Firefox/118.0','GET','success',1,1,'kevin'),(486,'2023-10-13 11:32:56.690000','http://localhost:8081/admin/info',109,'127.0.1.1',0,'Mozilla/5.0 (X11; Ubuntu; Linux x86_64; rv:109.0) Gecko/20100101 Firefox/118.0','GET','success',1,1,'kevin'),(487,'2023-10-13 11:33:00.181000','http://localhost:8081/role/listAll',101,'127.0.1.1',0,'Mozilla/5.0 (X11; Ubuntu; Linux x86_64; rv:109.0) Gecko/20100101 Firefox/118.0','GET','success',1,1,'kevin'),(488,'2023-10-13 11:33:00.322000','http://localhost:8081/admin/list',180,'127.0.1.1',0,'Mozilla/5.0 (X11; Ubuntu; Linux x86_64; rv:109.0) Gecko/20100101 Firefox/118.0','GET','success',1,1,'kevin'),(489,'2023-10-13 11:37:00.719000','http://localhost:8081/admin/info',161,'127.0.1.1',0,'Mozilla/5.0 (X11; Ubuntu; Linux x86_64; rv:109.0) Gecko/20100101 Firefox/118.0','GET','success',1,1,'kevin'),(490,'2023-10-13 11:37:02.118000','http://localhost:8081/role/listAll',250,'127.0.1.1',0,'Mozilla/5.0 (X11; Ubuntu; Linux x86_64; rv:109.0) Gecko/20100101 Firefox/118.0','GET','success',1,1,'kevin'),(491,'2023-10-13 11:37:02.170000','http://localhost:8081/admin/list',287,'127.0.1.1',0,'Mozilla/5.0 (X11; Ubuntu; Linux x86_64; rv:109.0) Gecko/20100101 Firefox/118.0','GET','success',1,1,'kevin'),(492,'2023-10-13 11:37:31.384000','http://localhost:8081/admin/info',116,'127.0.1.1',0,'Mozilla/5.0 (X11; Ubuntu; Linux x86_64; rv:109.0) Gecko/20100101 Firefox/118.0','GET','success',1,1,'kevin'),(493,'2023-10-13 11:37:34.068000','http://localhost:8081/role/listAll',103,'127.0.1.1',0,'Mozilla/5.0 (X11; Ubuntu; Linux x86_64; rv:109.0) Gecko/20100101 Firefox/118.0','GET','success',1,1,'kevin'),(494,'2023-10-13 11:37:34.133000','http://localhost:8081/admin/list',175,'127.0.1.1',0,'Mozilla/5.0 (X11; Ubuntu; Linux x86_64; rv:109.0) Gecko/20100101 Firefox/118.0','GET','success',1,1,'kevin'),(495,'2023-10-13 11:39:19.121000','http://localhost:8081/admin/info',103,'127.0.1.1',0,'Mozilla/5.0 (X11; Ubuntu; Linux x86_64; rv:109.0) Gecko/20100101 Firefox/118.0','GET','success',1,1,'kevin'),(496,'2023-10-13 11:39:20.815000','http://localhost:8081/org/listD',365,'127.0.1.1',0,'Mozilla/5.0 (X11; Ubuntu; Linux x86_64; rv:109.0) Gecko/20100101 Firefox/118.0','GET','success',1,1,'kevin'),(497,'2023-10-13 11:39:20.856000','http://localhost:8081/role/listAll',398,'127.0.1.1',0,'Mozilla/5.0 (X11; Ubuntu; Linux x86_64; rv:109.0) Gecko/20100101 Firefox/118.0','GET','success',1,1,'kevin'),(498,'2023-10-13 11:39:21.142000','http://localhost:8081/admin/list',677,'127.0.1.1',0,'Mozilla/5.0 (X11; Ubuntu; Linux x86_64; rv:109.0) Gecko/20100101 Firefox/118.0','GET','success',1,1,'kevin'),(499,'2023-10-13 11:40:20.423000','http://localhost:8081/admin/update/7',123,'127.0.1.1',0,'Mozilla/5.0 (X11; Ubuntu; Linux x86_64; rv:109.0) Gecko/20100101 Firefox/118.0','POST','success',1,7,'test2'),(500,'2023-10-13 11:40:20.902000','http://localhost:8081/admin/list',185,'127.0.1.1',0,'Mozilla/5.0 (X11; Ubuntu; Linux x86_64; rv:109.0) Gecko/20100101 Firefox/118.0','GET','success',1,1,'kevin'),(501,'2023-10-13 11:42:32.169000','http://localhost:8081/admin/update/8',103,'127.0.1.1',0,'Mozilla/5.0 (X11; Ubuntu; Linux x86_64; rv:109.0) Gecko/20100101 Firefox/118.0','POST','success',1,8,'test3'),(502,'2023-10-13 11:42:32.923000','http://localhost:8081/admin/list',388,'127.0.1.1',0,'Mozilla/5.0 (X11; Ubuntu; Linux x86_64; rv:109.0) Gecko/20100101 Firefox/118.0','GET','success',1,1,'kevin'),(503,'2023-10-13 11:44:57.995000','http://localhost:8081/admin/update/8',178,'127.0.1.1',0,'Mozilla/5.0 (X11; Ubuntu; Linux x86_64; rv:109.0) Gecko/20100101 Firefox/118.0','POST','success',1,8,'test3'),(504,'2023-10-13 11:44:58.687000','http://localhost:8081/admin/list',289,'127.0.1.1',0,'Mozilla/5.0 (X11; Ubuntu; Linux x86_64; rv:109.0) Gecko/20100101 Firefox/118.0','GET','success',1,1,'kevin'),(505,'2023-10-13 11:46:28.741000','http://localhost:8081/admin/update/8',160,'127.0.1.1',0,'Mozilla/5.0 (X11; Ubuntu; Linux x86_64; rv:109.0) Gecko/20100101 Firefox/118.0','POST','success',1,8,'test3'),(506,'2023-10-13 11:46:29.224000','http://localhost:8081/admin/list',117,'127.0.1.1',0,'Mozilla/5.0 (X11; Ubuntu; Linux x86_64; rv:109.0) Gecko/20100101 Firefox/118.0','GET','success',1,1,'kevin'),(507,'2023-10-13 11:48:19.519000','http://localhost:8081/admin/update/1',146,'127.0.1.1',0,'Mozilla/5.0 (X11; Ubuntu; Linux x86_64; rv:109.0) Gecko/20100101 Firefox/118.0','POST','success',1,1,'kevin'),(508,'2023-10-13 11:49:51.478000','http://localhost:8081/admin/info',125,'127.0.1.1',0,'Mozilla/5.0 (X11; Ubuntu; Linux x86_64; rv:109.0) Gecko/20100101 Firefox/118.0','GET','success',1,1,'kevin'),(509,'2023-10-13 11:49:53.105000','http://localhost:8081/role/listAll',195,'127.0.1.1',0,'Mozilla/5.0 (X11; Ubuntu; Linux x86_64; rv:109.0) Gecko/20100101 Firefox/118.0','GET','success',1,1,'kevin'),(510,'2023-10-13 11:49:53.114000','http://localhost:8081/org/listD',199,'127.0.1.1',0,'Mozilla/5.0 (X11; Ubuntu; Linux x86_64; rv:109.0) Gecko/20100101 Firefox/118.0','GET','success',1,1,'kevin'),(511,'2023-10-13 11:49:53.203000','http://localhost:8081/admin/list',335,'127.0.1.1',0,'Mozilla/5.0 (X11; Ubuntu; Linux x86_64; rv:109.0) Gecko/20100101 Firefox/118.0','GET','success',1,1,'kevin'),(512,'2023-10-13 11:50:00.770000','http://localhost:8081/admin/update/3',374,'127.0.1.1',0,'Mozilla/5.0 (X11; Ubuntu; Linux x86_64; rv:109.0) Gecko/20100101 Firefox/118.0','POST','success',1,3,'admin'),(513,'2023-10-13 11:50:01.373000','http://localhost:8081/admin/list',219,'127.0.1.1',0,'Mozilla/5.0 (X11; Ubuntu; Linux x86_64; rv:109.0) Gecko/20100101 Firefox/118.0','GET','success',1,1,'kevin'),(514,'2023-10-13 13:31:53.962000','http://localhost:8081/admin/list',245,'127.0.1.1',0,'Mozilla/5.0 (X11; Ubuntu; Linux x86_64; rv:109.0) Gecko/20100101 Firefox/118.0','GET','success',1,1,'kevin'),(515,'2023-10-13 13:32:05.029000','http://localhost:8081/admin/update/11',306,'127.0.1.1',0,'Mozilla/5.0 (X11; Ubuntu; Linux x86_64; rv:109.0) Gecko/20100101 Firefox/118.0','POST','success',1,11,'test6'),(516,'2023-10-13 13:32:05.565000','http://localhost:8081/admin/list',176,'127.0.1.1',0,'Mozilla/5.0 (X11; Ubuntu; Linux x86_64; rv:109.0) Gecko/20100101 Firefox/118.0','GET','success',1,1,'kevin'),(517,'2023-10-13 13:40:34.276000','http://localhost:8081/admin/info',134,'127.0.1.1',0,'Mozilla/5.0 (X11; Ubuntu; Linux x86_64; rv:109.0) Gecko/20100101 Firefox/118.0','GET','success',1,1,'kevin'),(518,'2023-10-13 13:40:35.680000','http://localhost:8081/role/listAll',263,'127.0.1.1',0,'Mozilla/5.0 (X11; Ubuntu; Linux x86_64; rv:109.0) Gecko/20100101 Firefox/118.0','GET','success',1,1,'kevin'),(519,'2023-10-13 13:40:35.725000','http://localhost:8081/org/listD',235,'127.0.1.1',0,'Mozilla/5.0 (X11; Ubuntu; Linux x86_64; rv:109.0) Gecko/20100101 Firefox/118.0','GET','success',1,1,'kevin'),(520,'2023-10-13 13:40:35.714000','http://localhost:8081/admin/list',338,'127.0.1.1',0,'Mozilla/5.0 (X11; Ubuntu; Linux x86_64; rv:109.0) Gecko/20100101 Firefox/118.0','GET','success',1,1,'kevin'),(521,'2023-10-13 13:42:47.341000','http://localhost:8081/admin/info',141,'127.0.1.1',0,'Mozilla/5.0 (X11; Ubuntu; Linux x86_64; rv:109.0) Gecko/20100101 Firefox/118.0','GET','success',1,1,'kevin'),(522,'2023-10-13 13:42:49.038000','http://localhost:8081/role/listAll',286,'127.0.1.1',0,'Mozilla/5.0 (X11; Ubuntu; Linux x86_64; rv:109.0) Gecko/20100101 Firefox/118.0','GET','success',1,1,'kevin'),(523,'2023-10-13 13:42:49.043000','http://localhost:8081/org/listD',206,'127.0.1.1',0,'Mozilla/5.0 (X11; Ubuntu; Linux x86_64; rv:109.0) Gecko/20100101 Firefox/118.0','GET','success',1,1,'kevin'),(524,'2023-10-13 13:42:49.099000','http://localhost:8081/admin/list',265,'127.0.1.1',0,'Mozilla/5.0 (X11; Ubuntu; Linux x86_64; rv:109.0) Gecko/20100101 Firefox/118.0','GET','success',1,1,'kevin'),(525,'2023-10-13 13:43:17.881000','http://localhost:8081/admin/info',179,'127.0.1.1',0,'Mozilla/5.0 (X11; Ubuntu; Linux x86_64; rv:109.0) Gecko/20100101 Firefox/118.0','GET','success',1,1,'kevin'),(526,'2023-10-13 13:55:14.984000','http://localhost:8081/admin/info',126,'127.0.1.1',0,'Mozilla/5.0 (X11; Ubuntu; Linux x86_64; rv:109.0) Gecko/20100101 Firefox/118.0','GET','success',1,1,'kevin'),(527,'2023-10-13 13:59:26.785000','http://localhost:8081/admin/info',287,'127.0.1.1',0,'Mozilla/5.0 (X11; Ubuntu; Linux x86_64; rv:109.0) Gecko/20100101 Firefox/118.0','GET','success',1,1,'kevin'),(528,'2023-10-13 14:01:14.738000','http://localhost:8081/admin/info',240,'127.0.1.1',0,'Mozilla/5.0 (X11; Ubuntu; Linux x86_64; rv:109.0) Gecko/20100101 Firefox/118.0','GET','success',1,1,'kevin'),(529,'2023-10-13 14:03:35.657000','http://localhost:8081/admin/info',244,'127.0.1.1',0,'Mozilla/5.0 (X11; Ubuntu; Linux x86_64; rv:109.0) Gecko/20100101 Firefox/118.0','GET','success',1,1,'kevin'),(530,'2023-10-13 14:04:09.701000','http://localhost:8081/admin/info',102,'127.0.1.1',0,'Mozilla/5.0 (X11; Ubuntu; Linux x86_64; rv:109.0) Gecko/20100101 Firefox/118.0','GET','success',1,1,'kevin'),(531,'2023-10-13 14:05:37.216000','http://localhost:8081/admin/info',142,'127.0.1.1',0,'Mozilla/5.0 (X11; Ubuntu; Linux x86_64; rv:109.0) Gecko/20100101 Firefox/118.0','GET','success',1,1,'kevin'),(532,'2023-10-13 14:06:33.807000','http://localhost:8081/admin/info',47,'127.0.1.1',0,'Mozilla/5.0 (X11; Ubuntu; Linux x86_64; rv:109.0) Gecko/20100101 Firefox/118.0','GET','success',1,1,'kevin'),(533,'2023-10-13 14:07:34.367000','http://localhost:8081/admin/info',32,'127.0.1.1',0,'Mozilla/5.0 (X11; Ubuntu; Linux x86_64; rv:109.0) Gecko/20100101 Firefox/118.0','GET','success',1,1,'kevin'),(534,'2023-10-13 14:08:31.533000','http://127.0.0.1:8081/admin/list',194,'127.0.1.1',0,'PostmanRuntime/7.33.0','GET','success',1,1,'kevin'),(535,'2023-10-13 14:08:46.595000','http://127.0.0.1:8081/org/listD',39,'127.0.1.1',0,'PostmanRuntime/7.33.0','GET','success',1,1,'kevin'),(536,'2023-10-13 14:12:00.046000','http://localhost:8081/admin/info',177,'127.0.1.1',0,'Mozilla/5.0 (X11; Ubuntu; Linux x86_64; rv:109.0) Gecko/20100101 Firefox/118.0','GET','success',1,1,'kevin'),(537,'2023-10-13 14:12:36.680000','http://localhost:8081/admin/info',147,'127.0.1.1',0,'Mozilla/5.0 (X11; Ubuntu; Linux x86_64; rv:109.0) Gecko/20100101 Firefox/118.0','GET','success',1,1,'kevin'),(538,'2023-10-13 14:13:49.458000','http://localhost:8081/admin/info',74,'127.0.1.1',0,'Mozilla/5.0 (X11; Ubuntu; Linux x86_64; rv:109.0) Gecko/20100101 Firefox/118.0','GET','success',1,1,'kevin'),(539,'2023-10-13 14:15:13.066000','http://localhost:8081/admin/info',138,'127.0.1.1',0,'Mozilla/5.0 (X11; Ubuntu; Linux x86_64; rv:109.0) Gecko/20100101 Firefox/118.0','GET','success',1,1,'kevin'),(540,'2023-10-13 14:19:50.084000','http://localhost:8081/admin/info',181,'127.0.1.1',0,'Mozilla/5.0 (X11; Ubuntu; Linux x86_64; rv:109.0) Gecko/20100101 Firefox/118.0','GET','success',1,1,'kevin'),(541,'2023-10-13 14:24:15.993000','http://127.0.0.1:8081/org/treeList',72,'127.0.1.1',0,'PostmanRuntime/7.33.0','GET','success',1,1,'kevin'),(542,'2023-10-13 14:26:00.953000','http://localhost:8081/admin/login',402,'0:0:0:0:0:0:0:1',1,'Mozilla/5.0 (X11; Linux x86_64) AppleWebKit/537.36 (KHTML, like Gecko) Chrome/117.0.0.0 Safari/537.36 Edg/117.0.2045.55','POST','success',1,1,'kevin'),(543,'2023-10-13 14:26:01.396000','http://localhost:8081/admin/info',54,'0:0:0:0:0:0:0:1',0,'Mozilla/5.0 (X11; Linux x86_64) AppleWebKit/537.36 (KHTML, like Gecko) Chrome/117.0.0.0 Safari/537.36 Edg/117.0.2045.55','GET','success',1,1,'kevin'),(544,'2023-10-13 14:26:10.754000','http://localhost:8081/org/treeList',35,'0:0:0:0:0:0:0:1',0,'Mozilla/5.0 (X11; Linux x86_64) AppleWebKit/537.36 (KHTML, like Gecko) Chrome/117.0.0.0 Safari/537.36 Edg/117.0.2045.55','GET','success',1,1,'kevin'),(545,'2023-10-13 14:27:37.147000','http://localhost:8081/org/treeList',25,'127.0.1.1',0,'Mozilla/5.0 (X11; Ubuntu; Linux x86_64; rv:109.0) Gecko/20100101 Firefox/118.0','GET','success',1,1,'kevin'),(546,'2023-10-13 14:31:54.341000','http://localhost:8081/org/treeList',76,'0:0:0:0:0:0:0:1',0,'Mozilla/5.0 (X11; Linux x86_64) AppleWebKit/537.36 (KHTML, like Gecko) Chrome/117.0.0.0 Safari/537.36 Edg/117.0.2045.55','GET','success',1,1,'kevin'),(547,'2023-10-13 14:37:57.779000','http://localhost:8081/org/treeList',85,'127.0.1.1',0,'Mozilla/5.0 (X11; Ubuntu; Linux x86_64; rv:109.0) Gecko/20100101 Firefox/118.0','GET','success',1,1,'kevin'),(548,'2023-10-13 14:38:33.479000','http://localhost:8081/org/listLevel',143,'127.0.1.1',0,'Mozilla/5.0 (X11; Ubuntu; Linux x86_64; rv:109.0) Gecko/20100101 Firefox/118.0','GET','success',1,1,'kevin'),(549,'2023-10-13 14:38:33.563000','http://localhost:8081/org/listLevel',128,'0:0:0:0:0:0:0:1',0,'Mozilla/5.0 (X11; Linux x86_64) AppleWebKit/537.36 (KHTML, like Gecko) Chrome/117.0.0.0 Safari/537.36 Edg/117.0.2045.55','GET','success',1,1,'kevin'),(550,'2023-10-13 14:38:36.898000','http://localhost:8081/org/treeList',136,'127.0.1.1',0,'Mozilla/5.0 (X11; Ubuntu; Linux x86_64; rv:109.0) Gecko/20100101 Firefox/118.0','GET','success',1,1,'kevin'),(551,'2023-10-13 14:38:40.281000','http://localhost:8081/org/listLevel',171,'127.0.1.1',0,'Mozilla/5.0 (X11; Ubuntu; Linux x86_64; rv:109.0) Gecko/20100101 Firefox/118.0','GET','success',1,1,'kevin'),(552,'2023-10-13 14:40:57.735000','http://localhost:8081/org/treeList',120,'127.0.1.1',0,'Mozilla/5.0 (X11; Ubuntu; Linux x86_64; rv:109.0) Gecko/20100101 Firefox/118.0','GET','success',1,1,'kevin'),(553,'2023-10-13 14:41:00.991000','http://localhost:8081/org/listLevel',101,'127.0.1.1',0,'Mozilla/5.0 (X11; Ubuntu; Linux x86_64; rv:109.0) Gecko/20100101 Firefox/118.0','GET','success',1,1,'kevin'),(554,'2023-10-13 14:45:05.829000','http://localhost:8081/org/treeList',235,'127.0.1.1',0,'Mozilla/5.0 (X11; Ubuntu; Linux x86_64; rv:109.0) Gecko/20100101 Firefox/118.0','GET','success',1,1,'kevin'),(555,'2023-10-13 14:45:09.497000','http://localhost:8081/org/listLevel',78,'127.0.1.1',0,'Mozilla/5.0 (X11; Ubuntu; Linux x86_64; rv:109.0) Gecko/20100101 Firefox/118.0','GET','success',1,1,'kevin'),(556,'2023-10-13 14:46:45.360000','http://localhost:8081/org/treeList',123,'127.0.1.1',0,'Mozilla/5.0 (X11; Ubuntu; Linux x86_64; rv:109.0) Gecko/20100101 Firefox/118.0','GET','success',1,1,'kevin'),(557,'2023-10-13 14:46:50.965000','http://localhost:8081/org/listLevel',110,'127.0.1.1',0,'Mozilla/5.0 (X11; Ubuntu; Linux x86_64; rv:109.0) Gecko/20100101 Firefox/118.0','GET','success',1,1,'kevin'),(558,'2023-10-13 14:47:46.741000','http://localhost:8081/org/treeList',83,'127.0.1.1',0,'Mozilla/5.0 (X11; Ubuntu; Linux x86_64; rv:109.0) Gecko/20100101 Firefox/118.0','GET','success',1,1,'kevin'),(559,'2023-10-13 14:47:50.077000','http://localhost:8081/org/listLevel',208,'127.0.1.1',0,'Mozilla/5.0 (X11; Ubuntu; Linux x86_64; rv:109.0) Gecko/20100101 Firefox/118.0','GET','success',1,1,'kevin'),(560,'2023-10-13 14:51:14.515000','http://localhost:8081/org/treeList',157,'127.0.1.1',0,'Mozilla/5.0 (X11; Ubuntu; Linux x86_64; rv:109.0) Gecko/20100101 Firefox/118.0','GET','success',1,1,'kevin'),(561,'2023-10-13 14:51:16.837000','http://localhost:8081/org/listLevel',128,'127.0.1.1',0,'Mozilla/5.0 (X11; Ubuntu; Linux x86_64; rv:109.0) Gecko/20100101 Firefox/118.0','GET','success',1,1,'kevin'),(562,'2023-10-13 14:56:27.199000','http://localhost:8081/org/treeList',381,'127.0.1.1',0,'Mozilla/5.0 (X11; Ubuntu; Linux x86_64; rv:109.0) Gecko/20100101 Firefox/118.0','GET','success',1,1,'kevin'),(563,'2023-10-13 14:56:30.264000','http://localhost:8081/org/updateStatus/10',204,'127.0.1.1',0,'Mozilla/5.0 (X11; Ubuntu; Linux x86_64; rv:109.0) Gecko/20100101 Firefox/118.0','POST','success',1,1,'kevin'),(564,'2023-10-13 15:11:54.461000','http://localhost:8081/admin/info',157,'127.0.1.1',0,'Mozilla/5.0 (X11; Ubuntu; Linux x86_64; rv:109.0) Gecko/20100101 Firefox/118.0','GET','success',1,1,'kevin'),(565,'2023-10-13 15:12:37.020000','http://localhost:8081/admin/info',54,'127.0.1.1',0,'Mozilla/5.0 (X11; Ubuntu; Linux x86_64; rv:109.0) Gecko/20100101 Firefox/118.0','GET','success',1,1,'kevin'),(566,'2023-10-13 15:14:04.299000','http://localhost:8081/admin/info',107,'127.0.1.1',0,'Mozilla/5.0 (X11; Ubuntu; Linux x86_64; rv:109.0) Gecko/20100101 Firefox/118.0','GET','success',1,1,'kevin'),(567,'2023-10-13 15:14:43.301000','http://localhost:8081/admin/info',159,'127.0.1.1',0,'Mozilla/5.0 (X11; Ubuntu; Linux x86_64; rv:109.0) Gecko/20100101 Firefox/118.0','GET','success',1,1,'kevin'),(568,'2023-10-13 15:15:15.029000','http://localhost:8081/admin/info',132,'127.0.1.1',0,'Mozilla/5.0 (X11; Ubuntu; Linux x86_64; rv:109.0) Gecko/20100101 Firefox/118.0','GET','success',1,1,'kevin'),(569,'2023-10-13 15:23:17.762000','http://localhost:8081/admin/info',295,'127.0.1.1',0,'Mozilla/5.0 (X11; Ubuntu; Linux x86_64; rv:109.0) Gecko/20100101 Firefox/118.0','GET','success',1,1,'kevin');
/*!40000 ALTER TABLE `api_events` ENABLE KEYS */;
UNLOCK TABLES;

--
-- Table structure for table `menus`
--

DROP TABLE IF EXISTS `menus`;
/*!40101 SET @saved_cs_client     = @@character_set_client */;
/*!50503 SET character_set_client = utf8mb4 */;
CREATE TABLE `menus` (
  `id` bigint NOT NULL AUTO_INCREMENT,
  `parent_id` bigint DEFAULT NULL COMMENT 'ID',
  `create_time` datetime(6) DEFAULT NULL,
  `title` varchar(255) DEFAULT NULL,
  `level` int DEFAULT NULL COMMENT '',
  `sort` int DEFAULT NULL COMMENT '',
  `name` varchar(255) DEFAULT NULL,
  `icon` varchar(255) DEFAULT NULL,
  `hidden` int DEFAULT NULL COMMENT '',
  PRIMARY KEY (`id`)
) ENGINE=InnoDB AUTO_INCREMENT=48 DEFAULT CHARSET=utf8mb4 COLLATE=utf8mb4_0900_ai_ci;
/*!40101 SET character_set_client = @saved_cs_client */;

--
-- Dumping data for table `menus`
--

LOCK TABLES `menus` WRITE;
/*!40000 ALTER TABLE `menus` DISABLE KEYS */;
INSERT INTO `menus` VALUES (1,0,'2020-02-07 16:29:13.000000','',0,0,'ums','ums',0),(2,1,'2020-02-07 16:29:51.000000','',1,0,'admin','user',0),(3,1,'2020-02-07 16:30:13.000000','',1,0,'role','ums-role',0),(4,1,'2020-02-07 16:30:53.000000','',1,0,'menu','ums-menu',0),(5,1,'2020-02-07 16:31:13.000000','',1,0,'resource','list',0),(9,0,'2022-02-12 20:55:44.000000','',0,0,'oms','organization',0),(10,9,'2022-02-12 21:04:18.000000','organization',1,0,'organization','organization',0),(28,9,'2022-11-09 09:08:45.000000','',1,0,'company','organization',0),(29,0,'2022-11-28 14:37:02.000000','',0,0,'pms','user',0),(30,29,'2022-11-28 14:37:58.000000','',1,0,'operate','icon',0),(31,29,'2022-11-28 14:40:09.000000','',1,0,'pwd','password',0),(32,0,'2022-11-30 12:12:13.000000','',0,0,'dms','device',0),(33,32,'2022-11-30 12:13:12.000000','',1,0,'device','device',0),(34,32,'2022-11-30 13:33:54.000000','',1,0,'deviceCate','device',0),(35,0,'2022-12-06 09:15:04.000000','',0,0,'echart','chart',0),(36,35,'2022-12-06 09:16:04.000000','',1,0,'sales','machine',0),(37,35,'2022-12-06 09:16:22.000000','',1,0,'event','chart',0),(38,35,'2022-12-09 09:38:35.000000','',1,0,'inventory','chart',0),(39,0,'2023-01-16 10:02:23.000000','',0,0,'dashboard','dashboard',0),(40,29,'2023-02-08 14:01:07.000000','',1,0,'lang','language',0),(41,0,'2023-02-23 09:28:49.000000','',0,0,'data','database',0),(42,41,'2023-02-23 09:31:01.000000','',1,0,'sales_table','database',0),(43,41,'2023-02-23 09:31:21.000000','',1,0,'event_table','database',0),(44,0,'2023-05-26 08:45:04.000000','',0,0,'log','log',0),(45,44,'2023-05-26 08:46:36.000000','',1,0,'login_log','log',0),(46,44,'2023-05-26 08:47:46.000000','',1,0,'operate_log','log',0),(47,0,'2023-06-21 11:51:14.000000','',0,0,'camera','ums',0);
/*!40000 ALTER TABLE `menus` ENABLE KEYS */;
UNLOCK TABLES;

--
-- Table structure for table `organization`
--

DROP TABLE IF EXISTS `organization`;
/*!40101 SET @saved_cs_client     = @@character_set_client */;
/*!50503 SET character_set_client = utf8mb4 */;
CREATE TABLE `organization` (
  `id` bigint NOT NULL AUTO_INCREMENT,
  `name` varchar(255) DEFAULT NULL,
  `level` int DEFAULT NULL,
  `status` int DEFAULT NULL,
  `sort` int DEFAULT NULL,
  `create_time` datetime(6) DEFAULT NULL,
  `name_sn` bigint DEFAULT NULL,
  `parent_id` bigint DEFAULT NULL,
  PRIMARY KEY (`id`)
) ENGINE=InnoDB AUTO_INCREMENT=24 DEFAULT CHARSET=utf8mb4 COLLATE=utf8mb4_0900_ai_ci;
/*!40101 SET character_set_client = @saved_cs_client */;

--
-- Dumping data for table `organization`
--

LOCK TABLES `organization` WRITE;
/*!40000 ALTER TABLE `organization` DISABLE KEYS */;
INSERT INTO `organization` VALUES (10,'',0,1,0,'2022-03-08 09:11:55.000000',97179430,0),(11,'',1,1,0,'2022-03-08 09:12:19.000000',97179430011,10),(12,'',1,1,0,'2022-03-08 09:12:38.000000',97179430012,10),(14,'',2,1,0,'2022-11-11 00:00:00.000000',97179430011014,11),(15,'',2,1,0,'2022-11-11 00:00:00.000000',97179430011015,11),(16,'',2,1,0,'2022-11-11 00:00:00.000000',97179430012016,12),(17,'',1,1,0,'2022-11-24 09:53:09.000000',97179430017,10),(18,'',2,1,0,'2022-11-24 09:53:50.000000',97179430017018,17),(21,'',1,1,0,NULL,NULL,10),(22,'',2,1,0,'2023-10-13 15:27:40.622000',NULL,21),(23,'',2,1,0,'2023-10-13 15:28:55.014000',NULL,21);
/*!40000 ALTER TABLE `organization` ENABLE KEYS */;
UNLOCK TABLES;

--
-- Table structure for table `resources`
--

DROP TABLE IF EXISTS `resources`;
/*!40101 SET @saved_cs_client     = @@character_set_client */;
/*!50503 SET character_set_client = utf8mb4 */;
CREATE TABLE `resources` (
  `id` bigint NOT NULL AUTO_INCREMENT,
  `create_time` datetime(6) DEFAULT NULL,
  `name` varchar(255) DEFAULT NULL,
  `url` varchar(255) DEFAULT NULL,
  `description` varchar(255) DEFAULT NULL,
  `category_id` bigint DEFAULT NULL COMMENT 'ID',
  PRIMARY KEY (`id`)
) ENGINE=InnoDB AUTO_INCREMENT=23 DEFAULT CHARSET=utf8mb4 COLLATE=utf8mb4_0900_ai_ci;
/*!40101 SET character_set_client = @saved_cs_client */;

--
-- Dumping data for table `resources`
--

LOCK TABLES `resources` WRITE;
/*!40000 ALTER TABLE `resources` DISABLE KEYS */;
INSERT INTO `resources` VALUES (1,'2020-02-07 16:47:34.000000','','/admin/**','(DML&Query)',4),(2,'2020-02-07 16:48:24.000000','','/role/**','(DML&Query)',4),(3,'2020-02-07 16:48:48.000000','','/menu/**','(DML&Query)',4),(4,'2020-02-07 16:49:18.000000','','/resourceCategory/**','API',4),(5,'2020-02-07 16:49:45.000000','','/resource/**','API',4),(8,'2022-02-12 21:14:29.000000','','/org/**','API',7),(13,'2022-03-15 09:43:51.000000','','/admin/info',' API',11),(16,'2022-11-09 09:13:53.000000','','/company/**','',7),(17,'2022-11-28 16:16:09.000000','','/operate','',11),(18,'2022-11-30 12:14:20.000000','','/device','',12),(19,'2022-11-30 13:34:43.000000','','/deviceCategory','',12),(20,'2022-12-07 12:30:44.000000','','/sales/**','',13),(21,'2023-07-21 12:51:24.000000','HelloList','/hello/list','test',14),(22,'2023-07-21 12:51:54.000000','HelloId','/hello/id/**','test',14);
/*!40000 ALTER TABLE `resources` ENABLE KEYS */;
UNLOCK TABLES;

--
-- Table structure for table `role_menus`
--

DROP TABLE IF EXISTS `role_menus`;
/*!40101 SET @saved_cs_client     = @@character_set_client */;
/*!50503 SET character_set_client = utf8mb4 */;
CREATE TABLE `role_menus` (
  `id` bigint NOT NULL DEFAULT '0',
  `role_id` int NOT NULL,
  `menu_id` bigint NOT NULL COMMENT 'ID',
  KEY `FKo7blfgcetl84km46ayoybmkvm` (`menu_id`),
  KEY `FK8w16n9supii3exa5gnfdey3vu` (`role_id`),
  CONSTRAINT `FK8w16n9supii3exa5gnfdey3vu` FOREIGN KEY (`role_id`) REFERENCES `roles` (`id`),
  CONSTRAINT `FKo7blfgcetl84km46ayoybmkvm` FOREIGN KEY (`menu_id`) REFERENCES `menus` (`id`)
) ENGINE=InnoDB DEFAULT CHARSET=utf8mb4 COLLATE=utf8mb4_0900_ai_ci;
/*!40101 SET character_set_client = @saved_cs_client */;

--
-- Dumping data for table `role_menus`
--

LOCK TABLES `role_menus` WRITE;
/*!40000 ALTER TABLE `role_menus` DISABLE KEYS */;
INSERT INTO `role_menus` VALUES (1126,1,1),(1127,1,2),(1128,1,3),(1129,1,4),(1130,1,5),(1131,1,10),(1132,1,9),(1133,1,29),(1134,1,30),(1135,1,31),(1136,1,40),(1137,1,32),(1138,1,33),(1139,1,34),(1140,1,35),(1141,1,36),(1142,1,37),(1143,1,38),(1144,1,41),(1145,1,42),(1146,1,43),(1147,1,44),(1148,1,45),(1149,1,46),(1150,1,47);
/*!40000 ALTER TABLE `role_menus` ENABLE KEYS */;
UNLOCK TABLES;

--
-- Table structure for table `role_resources`
--

DROP TABLE IF EXISTS `role_resources`;
/*!40101 SET @saved_cs_client     = @@character_set_client */;
/*!50503 SET character_set_client = utf8mb4 */;
CREATE TABLE `role_resources` (
  `id` bigint NOT NULL DEFAULT '0',
  `role_id` int NOT NULL,
  `resource_id` bigint DEFAULT NULL COMMENT 'ID',
  KEY `FK8k22y1jmevnedy4v80tl1yop7` (`resource_id`),
  KEY `FKn73hm4dq4ddnj6sc0k1phqeda` (`role_id`),
  CONSTRAINT `FK8k22y1jmevnedy4v80tl1yop7` FOREIGN KEY (`resource_id`) REFERENCES `resources` (`id`),
  CONSTRAINT `FKn73hm4dq4ddnj6sc0k1phqeda` FOREIGN KEY (`role_id`) REFERENCES `roles` (`id`)
) ENGINE=InnoDB DEFAULT CHARSET=utf8mb4 COLLATE=utf8mb4_0900_ai_ci;
/*!40101 SET character_set_client = @saved_cs_client */;

--
-- Dumping data for table `role_resources`
--

LOCK TABLES `role_resources` WRITE;
/*!40000 ALTER TABLE `role_resources` DISABLE KEYS */;
INSERT INTO `role_resources` VALUES (0,1,1),(0,1,2),(0,1,3),(0,1,4),(0,1,5),(0,1,8),(0,1,13),(0,1,16),(0,1,17),(0,1,18),(0,1,19),(0,1,20);
/*!40000 ALTER TABLE `role_resources` ENABLE KEYS */;
UNLOCK TABLES;

--
-- Table structure for table `roles`
--

DROP TABLE IF EXISTS `roles`;
/*!40101 SET @saved_cs_client     = @@character_set_client */;
/*!50503 SET character_set_client = utf8mb4 */;
CREATE TABLE `roles` (
  `id` int NOT NULL AUTO_INCREMENT,
  `company_id` bigint NOT NULL,
  `name` varchar(20) DEFAULT NULL,
  `description` varchar(255) DEFAULT NULL,
  `admin_count` int DEFAULT NULL COMMENT '',
  `create_time` datetime(6) DEFAULT NULL,
  `status` int DEFAULT '1' COMMENT '0->1->',
  `sort` int DEFAULT '0',
  PRIMARY KEY (`id`)
) ENGINE=InnoDB AUTO_INCREMENT=14 DEFAULT CHARSET=utf8mb4 COLLATE=utf8mb4_0900_ai_ci;
/*!40101 SET character_set_client = @saved_cs_client */;

--
-- Dumping data for table `roles`
--

LOCK TABLES `roles` WRITE;
/*!40000 ALTER TABLE `roles` DISABLE KEYS */;
INSERT INTO `roles` VALUES (1,1,'','',0,'2020-02-02 15:11:05.000000',1,0);
/*!40000 ALTER TABLE `roles` ENABLE KEYS */;
UNLOCK TABLES;

--
-- Table structure for table `user_roles`
--

DROP TABLE IF EXISTS `user_roles`;
/*!40101 SET @saved_cs_client     = @@character_set_client */;
/*!50503 SET character_set_client = utf8mb4 */;
CREATE TABLE `user_roles` (
  `id` bigint NOT NULL AUTO_INCREMENT,
  `user_id` bigint DEFAULT NULL,
  `role_id` int NOT NULL,
  PRIMARY KEY (`id`),
  KEY `FKh8ciramu9cc9q3qcqiv4ue8a6` (`role_id`),
  KEY `FKhfh9dx7w3ubf1co1vdev94g3f` (`user_id`),
  CONSTRAINT `FKh8ciramu9cc9q3qcqiv4ue8a6` FOREIGN KEY (`role_id`) REFERENCES `roles` (`id`),
  CONSTRAINT `FKhfh9dx7w3ubf1co1vdev94g3f` FOREIGN KEY (`user_id`) REFERENCES `users` (`id`)
) ENGINE=InnoDB AUTO_INCREMENT=14 DEFAULT CHARSET=utf8mb4 COLLATE=utf8mb4_0900_ai_ci;
/*!40101 SET character_set_client = @saved_cs_client */;

--
-- Dumping data for table `user_roles`
--

LOCK TABLES `user_roles` WRITE;
/*!40000 ALTER TABLE `user_roles` DISABLE KEYS */;
INSERT INTO `user_roles` VALUES (6,3,1),(7,6,1),(8,7,1),(9,10,1),(10,11,1),(11,12,1),(12,1,1),(13,9,1);
/*!40000 ALTER TABLE `user_roles` ENABLE KEYS */;
UNLOCK TABLES;

--
-- Table structure for table `users`
--

DROP TABLE IF EXISTS `users`;
/*!40101 SET @saved_cs_client     = @@character_set_client */;
/*!50503 SET character_set_client = utf8mb4 */;
CREATE TABLE `users` (
  `id` bigint NOT NULL AUTO_INCREMENT,
  `create_by` bigint DEFAULT NULL,
  `create_name` varchar(255) DEFAULT NULL,
  `create_time` datetime(6) DEFAULT NULL,
  `email` varchar(30) DEFAULT NULL,
  `login_time` datetime(6) DEFAULT NULL,
  `logout_time` datetime(6) DEFAULT NULL,
  `mobile` varchar(10) DEFAULT NULL,
  `nick_name` varchar(20) DEFAULT NULL,
  `note` varchar(200) DEFAULT NULL,
  `org_id` bigint DEFAULT NULL,
  `org_name` varchar(255) DEFAULT NULL,
  `org_sn` bigint DEFAULT NULL,
  `password` varchar(120) DEFAULT NULL,
  `status` int DEFAULT NULL,
  `update_by` bigint DEFAULT NULL,
  `update_name` varchar(255) DEFAULT NULL,
  `update_time` datetime(6) DEFAULT NULL,
  `username` varchar(20) DEFAULT NULL,
  PRIMARY KEY (`id`),
  UNIQUE KEY `UKr43af9ap4edm43mmtq01oddj6` (`username`),
  UNIQUE KEY `UK6dotkott2kjsp8vw4d0m25fb7` (`email`)
) ENGINE=InnoDB AUTO_INCREMENT=14 DEFAULT CHARSET=utf8mb4 COLLATE=utf8mb4_0900_ai_ci;
/*!40101 SET character_set_client = @saved_cs_client */;

--
-- Dumping data for table `users`
--

LOCK TABLES `users` WRITE;
/*!40000 ALTER TABLE `users` DISABLE KEYS */;
INSERT INTO `users` VALUES (1,1,'kevin','2023-09-13 09:17:29.127000','kevinchang@gmail.com','2023-10-13 14:26:00.836000',NULL,'0985555666','kevin','postman init account',10,'',97179430,'$2a$10$M2PFUJVGgWEde9Rhgz7nsugSXJBDgC5LWMHdId/rD66oBLLeyn9lO',1,1,'kevin','2023-10-13 11:48:19.426000','kevin'),(3,NULL,NULL,'2023-10-03 09:34:47.185000','kevinchang1@gmail.com',NULL,NULL,'0985555666','kevin','postman init account',10,'',97179430,'$2a$10$n6E77UWGZP6gVTwuEsQ8A.2wh974CEj4Ld8TG6D8Nb.RcJV5NZ3uC',1,1,'kevin','2023-10-13 11:50:00.487000','admin'),(6,NULL,NULL,'2023-10-12 11:21:59.675000','test1@gmail.com',NULL,NULL,'0985666999','test1','test',10,'',NULL,'$2a$10$50FlFWmfpRVwjP5fYx3.MeMxWONp.jAOXB3LKUQBPep.0P8iQwY2i',1,1,'kevin','2023-10-13 10:50:54.742000','test1'),(7,NULL,NULL,'2023-10-12 11:27:37.918000','test2@gmail.com',NULL,NULL,'0955888777','test2','test22',11,'',NULL,'$2a$10$uhs0ogQFR4aDhVC44ZZYyO5cr2vlo79DRdNGDO6q8T1GJjwshQ1pS',1,1,'kevin','2023-10-13 11:40:20.330000','test2'),(8,NULL,NULL,'2023-10-12 11:28:42.276000','test3@gmailc.om',NULL,NULL,'0966888444','test3','dddddd',14,'',97179430011014,'$2a$10$Z4X.iOliRYtqfGuXrS8Y6.JLozHB6Q3WdnutMGQvYPigiDKYwxepK',1,1,'kevin','2023-10-13 11:46:28.721000','test3'),(9,NULL,NULL,'2023-10-12 11:37:16.418000','test5@gmail.com',NULL,NULL,'0982158008','test5','dsdsdsdsd',11,'',NULL,'$2a$10$ZnMlx82mWS6m3ZwXFTjnfuJ4vcdCa/szNS8liznWHMf7Q.JNaX/nG',1,1,'kevin','2023-10-13 10:51:11.788000','test5'),(10,1,'kevin','2023-10-12 11:45:01.578000','test4@gmail.com',NULL,NULL,'0985444666','test4','dadasdasdasdasd',14,'',NULL,'$2a$10$h72o0/2CjT0EE94F0ZFs3OkFmPujGV3.6.TjBIibFU2TxNSZIMj1a',1,1,'kevin','2023-10-13 10:51:18.297000','test4'),(11,1,'kevin','2023-10-12 11:48:21.333000','test6@gmail.com',NULL,NULL,'0982555777','test6','dsdasdasd',17,'',97179430017,'$2a$10$/hfTNXSrvBU2U5ybGLSoh.SaqfxfQ.uWWEpeBWoECZZdJmKFcmzA2',1,1,'kevin','2023-10-13 13:32:04.766000','test6'),(12,1,'kevin','2023-10-12 11:50:46.217000','test7@gmail.com',NULL,NULL,'0968555333','test7','ewqeqweqweqw',18,'',NULL,'$2a$10$Tg6nNoG8nFO1a771pGIFhep3DgZj.16EdOy9up4x9YrRhqJoJDjV6',1,1,'kevin','2023-10-13 10:51:35.801000','test7'),(13,1,'kevin','2023-10-13 09:44:35.784000','test11@gmail.com',NULL,NULL,'0985222555','test11','fsdfsdf',15,'',NULL,'$2a$10$gUQ4LpcrP8gA0oecq3ryh.8.XsO2Y9vW5ghNKbLgEkV0S1oJAvgea',1,1,'kevin','2023-10-13 10:40:56.899000','test11');
/*!40000 ALTER TABLE `users` ENABLE KEYS */;
UNLOCK TABLES;
/*!40103 SET TIME_ZONE=@OLD_TIME_ZONE */;

/*!40101 SET SQL_MODE=@OLD_SQL_MODE */;
/*!40014 SET FOREIGN_KEY_CHECKS=@OLD_FOREIGN_KEY_CHECKS */;
/*!40014 SET UNIQUE_CHECKS=@OLD_UNIQUE_CHECKS */;
/*!40101 SET CHARACTER_SET_CLIENT=@OLD_CHARACTER_SET_CLIENT */;
/*!40101 SET CHARACTER_SET_RESULTS=@OLD_CHARACTER_SET_RESULTS */;
/*!40101 SET COLLATION_CONNECTION=@OLD_COLLATION_CONNECTION */;
/*!40111 SET SQL_NOTES=@OLD_SQL_NOTES */;

-- Dump completed on 2023-10-13 15:49:53
